,F1-Macro,F1-Accuracy,F1-Weighted
LogisticRegression,0.996061509718743,0.9960606060606061,0.9960615097187429
MultinomialNB,0.9969698026245968,0.996969696969697,0.9969698026245968
RidgeClassifier,0.9971224195227819,0.9971212121212121,0.997122419522782
SGDClassifier,0.9974229720024463,0.9974242424242424,0.9974229720024461
LinearSVC,0.997575247579072,0.9975757575757576,0.9975752475790721
